No,Zulu,Julday,Temp
23,2016-01-29 17:01:00+00:00,2457417.20902778,214.9
24,2016-01-29 17:02:00+00:00,2457417.20972222,216.05
25,2016-01-29 17:03:00+00:00,2457417.21041667,215.92
26,2016-01-29 17:04:00+00:00,2457417.21111111,215.07
27,2016-01-29 17:05:00+00:00,2457417.21180556,212.5
28,2016-01-29 17:06:00+00:00,2457417.2125,213.32
29,2016-01-29 17:07:00+00:00,2457417.21319444,217.62
30,2016-01-29 17:08:00+00:00,2457417.21388889,213.82
31,2016-01-29 17:09:00+00:00,2457417.21458333,214.25
32,2016-01-29 17:10:00+00:00,2457417.21527778,214.53
33,2016-01-29 17:11:00+00:00,2457417.21597222,213.85
34,2016-01-29 17:12:00+00:00,2457417.21666667,213.93
35,2016-01-29 17:13:00+00:00,2457417.21736111,213.27
36,2016-01-29 17:14:00+00:00,2457417.21805556,214.5
37,2016-01-29 17:15:00+00:00,2457417.21875,212.92
38,2016-01-29 17:16:00+00:00,2457417.21944444,211.4
39,2016-01-29 17:17:00+00:00,2457417.22013889,213.33
40,2016-01-29 17:18:00+00:00,2457417.22083333,212.3
41,2016-01-29 17:19:00+00:00,2457417.22152778,212.23
42,2016-01-29 17:20:00+00:00,2457417.22222222,213.02
43,2016-01-29 17:21:00+00:00,2457417.22291667,213.03
44,2016-01-29 17:22:00+00:00,2457417.22361111,212.52
45,2016-01-29 17:23:00+00:00,2457417.22430556,211.6
46,2016-01-29 17:24:00+00:00,2457417.225,212.75
47,2016-01-29 17:25:00+00:00,2457417.22569444,212.45
48,2016-01-29 17:26:00+00:00,2457417.22638889,211.37
49,2016-01-29 17:27:00+00:00,2457417.22708333,211.83
50,2016-01-29 17:28:00+00:00,2457417.22777778,213.42
51,2016-01-29 17:29:00+00:00,2457417.22847222,212.38
52,2016-01-29 17:30:00+00:00,2457417.22916667,209.67
53,2016-01-29 17:31:00+00:00,2457417.22986111,211.22
54,2016-01-29 17:32:00+00:00,2457417.23055556,211.4
55,2016-01-29 17:33:00+00:00,2457417.23125,209.38
56,2016-01-29 17:34:00+00:00,2457417.23194445,211.32
57,2016-01-29 17:35:00+00:00,2457417.23263889,209.05
58,2016-01-29 17:36:00+00:00,2457417.23333333,210.82
59,2016-01-29 17:37:00+00:00,2457417.23402778,211.25
60,2016-01-29 17:38:00+00:00,2457417.23472222,212.4
61,2016-01-29 17:39:00+00:00,2457417.23541667,208.68
62,2016-01-29 17:40:00+00:00,2457417.23611111,209.53
63,2016-01-29 17:41:00+00:00,2457417.23680556,210.82
64,2016-01-29 17:42:00+00:00,2457417.2375,208.25
65,2016-01-29 17:43:00+00:00,2457417.23819445,210.97
66,2016-01-29 17:44:00+00:00,2457417.23888889,206.73
67,2016-01-29 17:45:00+00:00,2457417.23958333,210.08
68,2016-01-29 17:46:00+00:00,2457417.24027778,207.6
69,2016-01-29 17:47:00+00:00,2457417.24097222,209.8
70,2016-01-29 17:48:00+00:00,2457417.24166667,208.8
71,2016-01-29 17:49:00+00:00,2457417.24236111,208.93
72,2016-01-29 17:50:00+00:00,2457417.24305556,208.75
73,2016-01-29 17:51:00+00:00,2457417.24375,207.98
74,2016-01-29 17:52:00+00:00,2457417.24444444,210.98
75,2016-01-29 17:53:00+00:00,2457417.24513889,208.33
76,2016-01-29 17:54:00+00:00,2457417.24583333,208.97
77,2016-01-29 17:55:00+00:00,2457417.24652778,209.72
78,2016-01-29 17:56:00+00:00,2457417.24722222,211.92
79,2016-01-29 17:57:00+00:00,2457417.24791667,206.15
80,2016-01-29 17:58:00+00:00,2457417.24861111,211.23
81,2016-01-29 17:59:00+00:00,2457417.24930556,210.25
82,2016-01-29 18:00:00+00:00,2457417.25,206.9
83,2016-01-29 18:01:00+00:00,2457417.25069444,207.55
84,2016-01-29 18:02:00+00:00,2457417.25138889,207.4
85,2016-01-29 18:03:00+00:00,2457417.25208333,207.22
86,2016-01-29 18:04:00+00:00,2457417.25277778,208.27
87,2016-01-29 18:05:00+00:00,2457417.25347222,207.33
88,2016-01-29 18:06:00+00:00,2457417.25416667,207.73
89,2016-01-29 18:07:00+00:00,2457417.25486111,206.17
90,2016-01-29 18:08:00+00:00,2457417.25555556,210.1
91,2016-01-29 18:09:00+00:00,2457417.25625,210.42
92,2016-01-29 18:10:00+00:00,2457417.25694444,207.1
93,2016-01-29 18:11:00+00:00,2457417.25763889,211.67
94,2016-01-29 18:12:00+00:00,2457417.25833333,206.92
95,2016-01-29 18:13:00+00:00,2457417.25902778,207.98
96,2016-01-29 18:14:00+00:00,2457417.25972222,206.12
97,2016-01-29 18:15:00+00:00,2457417.26041667,208.18
98,2016-01-29 18:16:00+00:00,2457417.26111111,209.15
99,2016-01-29 18:17:00+00:00,2457417.26180556,207.77
100,2016-01-29 18:18:00+00:00,2457417.2625,208.65
101,2016-01-29 18:19:00+00:00,2457417.26319445,207.63
102,2016-01-29 18:20:00+00:00,2457417.26388889,207.47
103,2016-01-29 18:21:00+00:00,2457417.26458333,206.4
104,2016-01-29 18:22:00+00:00,2457417.26527778,204.65
105,2016-01-29 18:23:00+00:00,2457417.26597222,207.7
106,2016-01-29 18:24:00+00:00,2457417.26666667,209.45
107,2016-01-29 18:25:00+00:00,2457417.26736111,205.45
108,2016-01-29 18:26:00+00:00,2457417.26805556,204.4
109,2016-01-29 18:27:00+00:00,2457417.26875,203.0
110,2016-01-29 18:28:00+00:00,2457417.26944445,209.27
111,2016-01-29 18:29:00+00:00,2457417.27013889,204.3
112,2016-01-29 18:30:00+00:00,2457417.27083333,205.02
113,2016-01-29 18:31:00+00:00,2457417.27152778,206.43
114,2016-01-29 18:32:00+00:00,2457417.27222222,206.68
115,2016-01-29 18:33:00+00:00,2457417.27291667,203.53
116,2016-01-29 18:34:00+00:00,2457417.27361111,208.45
117,2016-01-29 18:35:00+00:00,2457417.27430556,203.62
118,2016-01-29 18:36:00+00:00,2457417.275,206.6
119,2016-01-29 18:37:00+00:00,2457417.27569444,206.43
120,2016-01-29 18:38:00+00:00,2457417.27638889,202.92
121,2016-01-29 18:39:00+00:00,2457417.27708333,208.43
122,2016-01-29 18:40:00+00:00,2457417.27777778,202.82
123,2016-01-29 18:41:00+00:00,2457417.27847222,206.35
124,2016-01-29 18:42:00+00:00,2457417.27916667,201.15
125,2016-01-29 18:43:00+00:00,2457417.27986111,206.63
126,2016-01-29 18:44:00+00:00,2457417.28055556,206.35
127,2016-01-29 18:45:00+00:00,2457417.28125,209.3
128,2016-01-29 18:46:00+00:00,2457417.28194444,207.12
129,2016-01-29 18:47:00+00:00,2457417.28263889,207.9
130,2016-01-29 18:48:00+00:00,2457417.28333333,206.65
131,2016-01-29 18:49:00+00:00,2457417.28402778,209.68
132,2016-01-29 18:50:00+00:00,2457417.28472222,207.78
133,2016-01-29 18:51:00+00:00,2457417.28541667,207.25
134,2016-01-29 18:52:00+00:00,2457417.28611111,210.75
135,2016-01-29 18:53:00+00:00,2457417.28680556,206.73
136,2016-01-29 18:54:00+00:00,2457417.2875,208.53
137,2016-01-29 18:55:00+00:00,2457417.28819444,208.02
138,2016-01-29 18:56:00+00:00,2457417.28888889,204.98
139,2016-01-29 18:57:00+00:00,2457417.28958333,209.37
140,2016-01-29 18:58:00+00:00,2457417.29027778,205.28
141,2016-01-29 18:59:00+00:00,2457417.29097222,206.33
142,2016-01-29 19:00:00+00:00,2457417.29166667,206.27
143,2016-01-29 19:01:00+00:00,2457417.29236111,207.28
144,2016-01-29 19:02:00+00:00,2457417.29305556,203.7
145,2016-01-29 19:03:00+00:00,2457417.29375,208.22
146,2016-01-29 19:04:00+00:00,2457417.29444445,204.07
147,2016-01-29 19:05:00+00:00,2457417.29513889,203.72
148,2016-01-29 19:06:00+00:00,2457417.29583333,207.08
149,2016-01-29 19:07:00+00:00,2457417.29652778,205.67
150,2016-01-29 19:08:00+00:00,2457417.29722222,208.9
151,2016-01-29 19:09:00+00:00,2457417.29791667,208.05
152,2016-01-29 19:10:00+00:00,2457417.29861111,203.87
153,2016-01-29 19:11:00+00:00,2457417.29930556,205.03
154,2016-01-29 19:12:00+00:00,2457417.3,204.54
155,2016-01-29 19:13:00+00:00,2457417.30069445,206.92
156,2016-01-29 19:14:00+00:00,2457417.30138889,205.62
157,2016-01-29 19:15:00+00:00,2457417.30208333,205.75
158,2016-01-29 19:16:00+00:00,2457417.30277778,205.63
159,2016-01-29 19:17:00+00:00,2457417.30347222,202.68
160,2016-01-29 19:18:00+00:00,2457417.30416667,203.25
161,2016-01-29 19:19:00+00:00,2457417.30486111,206.87
162,2016-01-29 19:20:00+00:00,2457417.30555556,205.62
163,2016-01-29 19:21:00+00:00,2457417.30625,204.38
164,2016-01-29 19:22:00+00:00,2457417.30694444,204.22
165,2016-01-29 19:23:00+00:00,2457417.30763889,205.55
166,2016-01-29 19:24:00+00:00,2457417.30833333,203.8
167,2016-01-29 19:25:00+00:00,2457417.30902778,203.85
168,2016-01-29 19:26:00+00:00,2457417.30972222,205.37
169,2016-01-29 19:27:00+00:00,2457417.31041667,204.82
170,2016-01-29 19:28:00+00:00,2457417.31111111,204.68
171,2016-01-29 19:29:00+00:00,2457417.31180556,205.28
172,2016-01-29 19:30:00+00:00,2457417.3125,206.97
173,2016-01-29 19:31:00+00:00,2457417.31319444,206.08
174,2016-01-29 19:32:00+00:00,2457417.31388889,205.95
175,2016-01-29 19:33:00+00:00,2457417.31458333,210.95
176,2016-01-29 19:34:00+00:00,2457417.31527778,206.6
177,2016-01-29 19:35:00+00:00,2457417.31597222,205.85
178,2016-01-29 19:36:00+00:00,2457417.31666667,207.38
179,2016-01-29 19:37:00+00:00,2457417.31736111,207.78
180,2016-01-29 19:38:00+00:00,2457417.31805556,206.02
181,2016-01-29 19:39:00+00:00,2457417.31875,205.97
182,2016-01-29 19:40:00+00:00,2457417.31944444,207.57
183,2016-01-29 19:41:00+00:00,2457417.32013889,203.6
184,2016-01-29 19:42:00+00:00,2457417.32083333,207.1
185,2016-01-29 19:43:00+00:00,2457417.32152778,204.77
186,2016-01-29 19:44:00+00:00,2457417.32222222,211.15
187,2016-01-29 19:45:00+00:00,2457417.32291667,206.55
188,2016-01-29 19:46:00+00:00,2457417.32361111,212.1
189,2016-01-29 19:47:00+00:00,2457417.32430556,205.35
190,2016-01-29 19:48:00+00:00,2457417.325,207.3
191,2016-01-29 19:49:00+00:00,2457417.32569445,204.9
192,2016-01-29 19:50:00+00:00,2457417.32638889,202.32
193,2016-01-29 19:51:00+00:00,2457417.32708333,205.05
194,2016-01-29 19:52:00+00:00,2457417.32777778,205.23
195,2016-01-29 19:53:00+00:00,2457417.32847222,207.43
196,2016-01-29 19:54:00+00:00,2457417.32916667,207.05
197,2016-01-29 19:55:00+00:00,2457417.32986111,205.58
198,2016-01-29 19:56:00+00:00,2457417.33055556,205.47
199,2016-01-29 19:57:00+00:00,2457417.33125,209.05
200,2016-01-29 19:58:00+00:00,2457417.33194445,205.22
201,2016-01-29 19:59:00+00:00,2457417.33263889,206.75
202,2016-01-29 20:00:00+00:00,2457417.33333333,206.2
203,2016-01-29 20:01:00+00:00,2457417.33402778,206.03
204,2016-01-29 20:02:00+00:00,2457417.33472222,207.15
205,2016-01-29 20:03:00+00:00,2457417.33541667,205.97
206,2016-01-29 20:04:00+00:00,2457417.33611111,207.42
207,2016-01-29 20:05:00+00:00,2457417.33680556,208.72
208,2016-01-29 20:06:00+00:00,2457417.3375,209.37
209,2016-01-29 20:07:00+00:00,2457417.33819444,208.05
210,2016-01-29 20:08:00+00:00,2457417.33888889,207.05
211,2016-01-29 20:09:00+00:00,2457417.33958333,204.77
212,2016-01-29 20:10:00+00:00,2457417.34027778,206.58
213,2016-01-29 20:11:00+00:00,2457417.34097222,205.37
214,2016-01-29 20:12:00+00:00,2457417.34166667,207.37
215,2016-01-29 20:13:00+00:00,2457417.34236111,205.03
216,2016-01-29 20:14:00+00:00,2457417.34305556,205.27
217,2016-01-29 20:15:00+00:00,2457417.34375,209.7
218,2016-01-29 20:16:00+00:00,2457417.34444444,207.92
219,2016-01-29 20:17:00+00:00,2457417.34513889,208.05
220,2016-01-29 20:18:00+00:00,2457417.34583333,208.3
221,2016-01-29 20:19:00+00:00,2457417.34652778,207.57
222,2016-01-29 20:20:00+00:00,2457417.34722222,207.95
223,2016-01-29 20:21:00+00:00,2457417.34791667,211.0
224,2016-01-29 20:22:00+00:00,2457417.34861111,208.15
225,2016-01-29 20:23:00+00:00,2457417.34930556,209.92
226,2016-01-29 20:24:00+00:00,2457417.35,209.3
227,2016-01-29 20:25:00+00:00,2457417.35069444,208.47
228,2016-01-29 20:26:00+00:00,2457417.35138889,207.42
229,2016-01-29 20:27:00+00:00,2457417.35208333,207.03
230,2016-01-29 20:28:00+00:00,2457417.35277778,209.88
231,2016-01-29 20:29:00+00:00,2457417.35347222,208.8
232,2016-01-29 20:30:00+00:00,2457417.35416667,210.8
233,2016-01-29 20:31:00+00:00,2457417.35486111,204.37
234,2016-01-29 20:32:00+00:00,2457417.35555556,209.27
235,2016-01-29 20:33:00+00:00,2457417.35625,208.42
236,2016-01-29 20:34:00+00:00,2457417.35694445,207.13
237,2016-01-29 20:35:00+00:00,2457417.35763889,206.83
238,2016-01-29 20:36:00+00:00,2457417.35833333,202.87
239,2016-01-29 20:37:00+00:00,2457417.35902778,204.88
240,2016-01-29 20:38:00+00:00,2457417.35972222,207.75
241,2016-01-29 20:39:00+00:00,2457417.36041667,204.75
242,2016-01-29 20:40:00+00:00,2457417.36111111,203.85
243,2016-01-29 20:41:00+00:00,2457417.36180556,205.2
244,2016-01-29 20:42:00+00:00,2457417.3625,204.03
245,2016-01-29 20:43:00+00:00,2457417.36319445,203.98
246,2016-01-29 20:44:00+00:00,2457417.36388889,205.28
247,2016-01-29 20:45:00+00:00,2457417.36458333,203.95
248,2016-01-29 20:46:00+00:00,2457417.36527778,206.1
249,2016-01-29 20:47:00+00:00,2457417.36597222,199.87
250,2016-01-29 20:48:00+00:00,2457417.36666667,201.52
251,2016-01-29 20:49:00+00:00,2457417.36736111,205.92
252,2016-01-29 20:50:00+00:00,2457417.36805556,204.75
253,2016-01-29 20:51:00+00:00,2457417.36875,204.78
254,2016-01-29 20:52:00+00:00,2457417.36944444,201.77
255,2016-01-29 20:53:00+00:00,2457417.37013889,203.9
256,2016-01-29 20:54:00+00:00,2457417.37083333,204.28
257,2016-01-29 20:55:00+00:00,2457417.37152778,204.02
258,2016-01-29 20:56:00+00:00,2457417.37222222,202.85
259,2016-01-29 20:57:00+00:00,2457417.37291667,203.27
260,2016-01-29 20:58:00+00:00,2457417.37361111,202.75
261,2016-01-29 20:59:00+00:00,2457417.37430556,203.62
262,2016-01-29 21:00:00+00:00,2457417.375,203.3
263,2016-01-29 21:01:00+00:00,2457417.37569444,202.97
264,2016-01-29 21:02:00+00:00,2457417.37638889,198.78
265,2016-01-29 21:03:00+00:00,2457417.37708333,207.58
266,2016-01-29 21:04:00+00:00,2457417.37777778,203.0
267,2016-01-29 21:05:00+00:00,2457417.37847222,203.22
268,2016-01-29 21:06:00+00:00,2457417.37916667,205.8
269,2016-01-29 21:07:00+00:00,2457417.37986111,201.7
270,2016-01-29 21:08:00+00:00,2457417.38055556,199.67
271,2016-01-29 21:09:00+00:00,2457417.38125,198.07
272,2016-01-29 21:10:00+00:00,2457417.38194444,201.38
273,2016-01-29 21:11:00+00:00,2457417.38263889,202.28
274,2016-01-29 21:12:00+00:00,2457417.38333333,204.53
275,2016-01-29 21:13:00+00:00,2457417.38402778,201.48
276,2016-01-29 21:14:00+00:00,2457417.38472222,205.72
277,2016-01-29 21:15:00+00:00,2457417.38541667,203.66
278,2016-01-29 21:16:00+00:00,2457417.38611111,203.38
279,2016-01-29 21:17:00+00:00,2457417.38680556,201.68
280,2016-01-29 21:18:00+00:00,2457417.3875,204.63
281,2016-01-29 21:19:00+00:00,2457417.38819445,198.33
282,2016-01-29 21:20:00+00:00,2457417.38888889,197.8
283,2016-01-29 21:21:00+00:00,2457417.38958333,201.72
284,2016-01-29 21:22:00+00:00,2457417.39027778,201.12
285,2016-01-29 21:23:00+00:00,2457417.39097222,205.0
286,2016-01-29 21:24:00+00:00,2457417.39166667,207.02
287,2016-01-29 21:25:00+00:00,2457417.39236111,201.95
288,2016-01-29 21:26:00+00:00,2457417.39305556,206.72
289,2016-01-29 21:27:00+00:00,2457417.39375,202.52
290,2016-01-29 21:28:00+00:00,2457417.39444445,206.05
291,2016-01-29 21:29:00+00:00,2457417.39513889,204.27
292,2016-01-29 21:30:00+00:00,2457417.39583333,204.9
293,2016-01-29 21:31:00+00:00,2457417.39652778,203.1
294,2016-01-29 21:32:00+00:00,2457417.39722222,207.1
295,2016-01-29 21:33:00+00:00,2457417.39791667,199.83
296,2016-01-29 21:34:00+00:00,2457417.39861111,207.63
297,2016-01-29 21:35:00+00:00,2457417.39930556,209.57
298,2016-01-29 21:36:00+00:00,2457417.4,201.87
299,2016-01-29 21:37:00+00:00,2457417.40069444,203.33
300,2016-01-29 21:38:00+00:00,2457417.40138889,204.02
301,2016-01-29 21:39:00+00:00,2457417.40208333,206.47
302,2016-01-29 21:40:00+00:00,2457417.40277778,206.58
303,2016-01-29 21:41:00+00:00,2457417.40347222,203.08
304,2016-01-29 21:42:00+00:00,2457417.40416667,204.37
305,2016-01-29 21:43:00+00:00,2457417.40486111,205.37
306,2016-01-29 21:44:00+00:00,2457417.40555556,205.9
307,2016-01-29 21:45:00+00:00,2457417.40625,205.97
308,2016-01-29 21:46:00+00:00,2457417.40694444,201.18
309,2016-01-29 21:47:00+00:00,2457417.40763889,202.84
310,2016-01-29 21:48:00+00:00,2457417.40833333,212.35
311,2016-01-29 21:49:00+00:00,2457417.40902778,208.98
312,2016-01-29 21:50:00+00:00,2457417.40972222,205.65
313,2016-01-29 21:51:00+00:00,2457417.41041667,204.28
314,2016-01-29 21:52:00+00:00,2457417.41111111,202.43
315,2016-01-29 21:53:00+00:00,2457417.41180556,200.7
316,2016-01-29 21:54:00+00:00,2457417.4125,200.15
317,2016-01-29 21:55:00+00:00,2457417.41319444,201.63
318,2016-01-29 21:56:00+00:00,2457417.41388889,201.0
319,2016-01-29 21:57:00+00:00,2457417.41458333,205.2
320,2016-01-29 21:58:00+00:00,2457417.41527778,200.3
321,2016-01-29 21:59:00+00:00,2457417.41597222,197.63
322,2016-01-29 22:00:00+00:00,2457417.41666667,203.72
323,2016-01-29 22:01:00+00:00,2457417.41736111,207.02
324,2016-01-29 22:02:00+00:00,2457417.41805556,202.55
325,2016-01-29 22:03:00+00:00,2457417.41875,200.12
326,2016-01-29 22:04:00+00:00,2457417.41944445,197.67
327,2016-01-29 22:05:00+00:00,2457417.42013889,202.85
328,2016-01-29 22:06:00+00:00,2457417.42083333,205.35
329,2016-01-29 22:07:00+00:00,2457417.42152778,201.8
330,2016-01-29 22:08:00+00:00,2457417.42222222,206.23
331,2016-01-29 22:09:00+00:00,2457417.42291667,201.32
332,2016-01-29 22:10:00+00:00,2457417.42361111,203.17
333,2016-01-29 22:11:00+00:00,2457417.42430556,199.8
334,2016-01-29 22:12:00+00:00,2457417.425,204.52
335,2016-01-29 22:13:00+00:00,2457417.42569445,202.13
336,2016-01-29 22:14:00+00:00,2457417.42638889,203.8
337,2016-01-29 22:15:00+00:00,2457417.42708333,202.18
338,2016-01-29 22:16:00+00:00,2457417.42777778,197.35
339,2016-01-29 22:17:00+00:00,2457417.42847222,204.53
340,2016-01-29 22:18:00+00:00,2457417.42916667,200.32
341,2016-01-29 22:19:00+00:00,2457417.42986111,203.53
342,2016-01-29 22:20:00+00:00,2457417.43055556,210.8
343,2016-01-29 22:21:00+00:00,2457417.43125,208.48
344,2016-01-29 22:22:00+00:00,2457417.43194444,201.13
345,2016-01-29 22:23:00+00:00,2457417.43263889,205.0
346,2016-01-29 22:24:00+00:00,2457417.43333333,205.3
347,2016-01-29 22:25:00+00:00,2457417.43402778,206.62
348,2016-01-29 22:26:00+00:00,2457417.43472222,203.7
349,2016-01-29 22:27:00+00:00,2457417.43541667,205.02
350,2016-01-29 22:28:00+00:00,2457417.43611111,208.2
351,2016-01-29 22:29:00+00:00,2457417.43680556,204.53
352,2016-01-29 22:30:00+00:00,2457417.4375,200.38
353,2016-01-29 22:31:00+00:00,2457417.43819444,207.67
354,2016-01-29 22:32:00+00:00,2457417.43888889,204.78
355,2016-01-29 22:33:00+00:00,2457417.43958333,214.15
356,2016-01-29 22:34:00+00:00,2457417.44027778,208.88
357,2016-01-29 22:35:00+00:00,2457417.44097222,211.17
358,2016-01-29 22:36:00+00:00,2457417.44166667,199.05
359,2016-01-29 22:37:00+00:00,2457417.44236111,202.63
360,2016-01-29 22:38:00+00:00,2457417.44305556,202.37
361,2016-01-29 22:39:00+00:00,2457417.44375,200.75
362,2016-01-29 22:40:00+00:00,2457417.44444444,199.68
363,2016-01-29 22:41:00+00:00,2457417.44513889,197.88
364,2016-01-29 22:42:00+00:00,2457417.44583333,208.8
365,2016-01-29 22:43:00+00:00,2457417.44652778,202.12
366,2016-01-29 22:44:00+00:00,2457417.44722222,204.12
367,2016-01-29 22:45:00+00:00,2457417.44791667,205.73
368,2016-01-29 22:46:00+00:00,2457417.44861111,203.42
369,2016-01-29 22:47:00+00:00,2457417.44930556,205.53
370,2016-01-29 22:48:00+00:00,2457417.45,202.52
371,2016-01-29 22:49:00+00:00,2457417.45069445,200.75
372,2016-01-29 22:50:00+00:00,2457417.45138889,209.48
373,2016-01-29 22:51:00+00:00,2457417.45208333,205.32
374,2016-01-29 22:52:00+00:00,2457417.45277778,207.95
375,2016-01-29 22:53:00+00:00,2457417.45347222,200.07
376,2016-01-29 22:54:00+00:00,2457417.45416667,203.13
377,2016-01-29 22:55:00+00:00,2457417.45486111,205.48
378,2016-01-29 22:56:00+00:00,2457417.45555556,202.07
379,2016-01-29 22:57:00+00:00,2457417.45625,205.52
380,2016-01-29 22:58:00+00:00,2457417.45694445,210.02
381,2016-01-29 22:59:00+00:00,2457417.45763889,208.07
382,2016-01-29 23:00:00+00:00,2457417.45833333,210.15
383,2016-01-29 23:01:00+00:00,2457417.45902778,207.6
384,2016-01-29 23:02:00+00:00,2457417.45972222,205.68
385,2016-01-29 23:03:00+00:00,2457417.46041667,202.3
386,2016-01-29 23:04:00+00:00,2457417.46111111,209.22
387,2016-01-29 23:05:00+00:00,2457417.46180556,206.78
388,2016-01-29 23:06:00+00:00,2457417.4625,204.17
389,2016-01-29 23:07:00+00:00,2457417.46319444,208.85
390,2016-01-29 23:08:00+00:00,2457417.46388889,206.45
391,2016-01-29 23:09:00+00:00,2457417.46458333,201.85
392,2016-01-29 23:10:00+00:00,2457417.46527778,202.92
393,2016-01-29 23:11:00+00:00,2457417.46597222,210.68
394,2016-01-29 23:12:00+00:00,2457417.46666667,211.3
395,2016-01-29 23:13:00+00:00,2457417.46736111,208.6
396,2016-01-29 23:14:00+00:00,2457417.46805556,208.13
397,2016-01-29 23:15:00+00:00,2457417.46875,204.25
398,2016-01-29 23:16:00+00:00,2457417.46944444,205.88
399,2016-01-29 23:17:00+00:00,2457417.47013889,210.82
400,2016-01-29 23:18:00+00:00,2457417.47083333,205.03
401,2016-01-29 23:19:00+00:00,2457417.47152778,203.17
402,2016-01-29 23:20:00+00:00,2457417.47222222,210.28
403,2016-01-29 23:21:00+00:00,2457417.47291667,207.23
404,2016-01-29 23:22:00+00:00,2457417.47361111,204.63
405,2016-01-29 23:23:00+00:00,2457417.47430556,206.95
406,2016-01-29 23:24:00+00:00,2457417.475,206.18
407,2016-01-29 23:25:00+00:00,2457417.47569444,206.28
408,2016-01-29 23:26:00+00:00,2457417.47638889,203.68
409,2016-01-29 23:27:00+00:00,2457417.47708333,209.65
410,2016-01-29 23:28:00+00:00,2457417.47777778,201.02
411,2016-01-29 23:29:00+00:00,2457417.47847222,206.88
412,2016-01-29 23:30:00+00:00,2457417.47916667,205.63
413,2016-01-29 23:31:00+00:00,2457417.47986111,203.52
414,2016-01-29 23:32:00+00:00,2457417.48055556,205.4
415,2016-01-29 23:33:00+00:00,2457417.48125,208.02
416,2016-01-29 23:34:00+00:00,2457417.48194445,213.82
417,2016-01-29 23:35:00+00:00,2457417.48263889,205.03
418,2016-01-29 23:36:00+00:00,2457417.48333333,204.73
419,2016-01-29 23:37:00+00:00,2457417.48402778,210.52
420,2016-01-29 23:38:00+00:00,2457417.48472222,208.48
421,2016-01-29 23:39:00+00:00,2457417.48541667,206.1
422,2016-01-29 23:40:00+00:00,2457417.48611111,207.58
423,2016-01-29 23:41:00+00:00,2457417.48680556,207.63
424,2016-01-29 23:42:00+00:00,2457417.4875,205.88
425,2016-01-29 23:43:00+00:00,2457417.48819445,212.17
426,2016-01-29 23:44:00+00:00,2457417.48888889,210.57
427,2016-01-29 23:45:00+00:00,2457417.48958333,210.98
428,2016-01-29 23:46:00+00:00,2457417.49027778,211.67
429,2016-01-29 23:47:00+00:00,2457417.49097222,210.58
430,2016-01-29 23:48:00+00:00,2457417.49166667,209.32
431,2016-01-29 23:49:00+00:00,2457417.49236111,212.72
432,2016-01-29 23:50:00+00:00,2457417.49305556,213.06
433,2016-01-29 23:51:00+00:00,2457417.49375,212.18
434,2016-01-29 23:52:00+00:00,2457417.49444444,211.63
435,2016-01-29 23:53:00+00:00,2457417.49513889,210.35
436,2016-01-29 23:54:00+00:00,2457417.49583333,209.53
437,2016-01-29 23:55:00+00:00,2457417.49652778,210.58
438,2016-01-29 23:56:00+00:00,2457417.49722222,211.55
439,2016-01-29 23:57:00+00:00,2457417.49791667,211.9
440,2016-01-29 23:58:00+00:00,2457417.49861111,211.12
441,2016-01-29 23:59:00+00:00,2457417.49930556,214.15
442,2016-01-30 00:00:00+00:00,2457417.5,209.4
443,2016-01-30 00:01:00+00:00,2457417.50069444,213.47
444,2016-01-30 00:02:00+00:00,2457417.50138889,210.87
445,2016-01-30 00:03:00+00:00,2457417.50208333,212.77
446,2016-01-30 00:04:00+00:00,2457417.50277778,212.73
447,2016-01-30 00:05:00+00:00,2457417.50347222,213.07
448,2016-01-30 00:06:00+00:00,2457417.50416667,216.32
449,2016-01-30 00:07:00+00:00,2457417.50486111,212.77
450,2016-01-30 00:08:00+00:00,2457417.50555556,210.75
451,2016-01-30 00:09:00+00:00,2457417.50625,213.5
452,2016-01-30 00:10:00+00:00,2457417.50694444,210.48
453,2016-01-30 00:11:00+00:00,2457417.50763889,214.88
454,2016-01-30 00:12:00+00:00,2457417.50833333,212.43
455,2016-01-30 00:13:00+00:00,2457417.50902778,212.53
456,2016-01-30 00:14:00+00:00,2457417.50972222,213.67
457,2016-01-30 00:15:00+00:00,2457417.51041667,210.0
458,2016-01-30 00:16:00+00:00,2457417.51111111,215.82
459,2016-01-30 00:17:00+00:00,2457417.51180556,212.23
460,2016-01-30 00:18:00+00:00,2457417.5125,212.75
461,2016-01-30 00:19:00+00:00,2457417.51319445,210.42
462,2016-01-30 00:20:00+00:00,2457417.51388889,214.95
463,2016-01-30 00:21:00+00:00,2457417.51458333,214.28
464,2016-01-30 00:22:00+00:00,2457417.51527778,214.58
465,2016-01-30 00:23:00+00:00,2457417.51597222,208.65
466,2016-01-30 00:24:00+00:00,2457417.51666667,213.53
467,2016-01-30 00:25:00+00:00,2457417.51736111,215.77
468,2016-01-30 00:26:00+00:00,2457417.51805556,210.35
469,2016-01-30 00:27:00+00:00,2457417.51875,210.6
470,2016-01-30 00:28:00+00:00,2457417.51944445,211.13
471,2016-01-30 00:29:00+00:00,2457417.52013889,212.3
472,2016-01-30 00:30:00+00:00,2457417.52083333,210.38
473,2016-01-30 00:31:00+00:00,2457417.52152778,211.75
474,2016-01-30 00:32:00+00:00,2457417.52222222,212.47
475,2016-01-30 00:33:00+00:00,2457417.52291667,211.47
476,2016-01-30 00:34:00+00:00,2457417.52361111,213.02
477,2016-01-30 00:35:00+00:00,2457417.52430556,209.8
478,2016-01-30 00:36:00+00:00,2457417.525,210.65
479,2016-01-30 00:37:00+00:00,2457417.52569444,212.02
480,2016-01-30 00:38:00+00:00,2457417.52638889,207.43
481,2016-01-30 00:39:00+00:00,2457417.52708333,209.38
482,2016-01-30 00:40:00+00:00,2457417.52777778,211.37
483,2016-01-30 00:41:00+00:00,2457417.52847222,205.65
484,2016-01-30 00:42:00+00:00,2457417.52916667,211.97
485,2016-01-30 00:43:00+00:00,2457417.52986111,210.77
486,2016-01-30 00:44:00+00:00,2457417.53055556,212.45
487,2016-01-30 00:45:00+00:00,2457417.53125,216.87
488,2016-01-30 00:46:00+00:00,2457417.53194444,209.82
489,2016-01-30 00:47:00+00:00,2457417.53263889,208.1
490,2016-01-30 00:48:00+00:00,2457417.53333333,208.72
491,2016-01-30 00:49:00+00:00,2457417.53402778,209.18
492,2016-01-30 00:50:00+00:00,2457417.53472222,216.85
493,2016-01-30 00:51:00+00:00,2457417.53541667,213.43
494,2016-01-30 00:52:00+00:00,2457417.53611111,211.45
495,2016-01-30 00:53:00+00:00,2457417.53680556,213.83
496,2016-01-30 00:54:00+00:00,2457417.5375,206.87
497,2016-01-30 00:55:00+00:00,2457417.53819444,210.23
498,2016-01-30 00:56:00+00:00,2457417.53888889,210.55
499,2016-01-30 00:57:00+00:00,2457417.53958333,210.85
500,2016-01-30 00:58:00+00:00,2457417.54027778,212.7
501,2016-01-30 00:59:00+00:00,2457417.54097222,211.2
502,2016-01-30 01:00:00+00:00,2457417.54166667,209.08
503,2016-01-30 01:01:00+00:00,2457417.54236111,215.87
504,2016-01-30 01:02:00+00:00,2457417.54305556,210.63
505,2016-01-30 01:03:00+00:00,2457417.54375,211.97
506,2016-01-30 01:04:00+00:00,2457417.54444445,214.45
507,2016-01-30 01:05:00+00:00,2457417.54513889,210.02
508,2016-01-30 01:06:00+00:00,2457417.54583333,209.28
509,2016-01-30 01:07:00+00:00,2457417.54652778,210.78
510,2016-01-30 01:08:00+00:00,2457417.54722222,209.45
511,2016-01-30 01:09:00+00:00,2457417.54791667,213.53
512,2016-01-30 01:10:00+00:00,2457417.54861111,210.88
513,2016-01-30 01:11:00+00:00,2457417.54930556,206.82
514,2016-01-30 01:12:00+00:00,2457417.55,209.92
515,2016-01-30 01:13:00+00:00,2457417.55069445,208.98
516,2016-01-30 01:14:00+00:00,2457417.55138889,210.52
517,2016-01-30 01:15:00+00:00,2457417.55208333,215.78
518,2016-01-30 01:16:00+00:00,2457417.55277778,211.08
519,2016-01-30 01:17:00+00:00,2457417.55347222,212.2
520,2016-01-30 01:18:00+00:00,2457417.55416667,211.45
521,2016-01-30 01:19:00+00:00,2457417.55486111,207.32
522,2016-01-30 01:20:00+00:00,2457417.55555556,208.3
523,2016-01-30 01:21:00+00:00,2457417.55625,210.53
524,2016-01-30 01:22:00+00:00,2457417.55694444,209.1
525,2016-01-30 01:23:00+00:00,2457417.55763889,211.5
526,2016-01-30 01:24:00+00:00,2457417.55833333,209.0
527,2016-01-30 01:25:00+00:00,2457417.55902778,210.98
528,2016-01-30 01:26:00+00:00,2457417.55972222,204.97
529,2016-01-30 01:27:00+00:00,2457417.56041667,209.9
530,2016-01-30 01:28:00+00:00,2457417.56111111,206.7
531,2016-01-30 01:29:00+00:00,2457417.56180556,206.07
532,2016-01-30 01:30:00+00:00,2457417.5625,206.4
533,2016-01-30 01:31:00+00:00,2457417.56319444,213.43
534,2016-01-30 01:32:00+00:00,2457417.56388889,211.6
535,2016-01-30 01:33:00+00:00,2457417.56458333,207.87
536,2016-01-30 01:34:00+00:00,2457417.56527778,207.57
537,2016-01-30 01:35:00+00:00,2457417.56597222,210.88
538,2016-01-30 01:36:00+00:00,2457417.56666667,206.15
539,2016-01-30 01:37:00+00:00,2457417.56736111,208.5
540,2016-01-30 01:38:00+00:00,2457417.56805556,212.97
541,2016-01-30 01:39:00+00:00,2457417.56875,204.85
542,2016-01-30 01:40:00+00:00,2457417.56944444,208.8
543,2016-01-30 01:41:00+00:00,2457417.57013889,210.52
544,2016-01-30 01:42:00+00:00,2457417.57083333,207.4
545,2016-01-30 01:43:00+00:00,2457417.57152778,211.78
546,2016-01-30 01:44:00+00:00,2457417.57222222,208.75
547,2016-01-30 01:45:00+00:00,2457417.57291667,213.42
548,2016-01-30 01:46:00+00:00,2457417.57361111,205.52
549,2016-01-30 01:47:00+00:00,2457417.57430556,211.42
550,2016-01-30 01:48:00+00:00,2457417.575,208.18
551,2016-01-30 01:49:00+00:00,2457417.57569445,207.85
552,2016-01-30 01:50:00+00:00,2457417.57638889,212.2
553,2016-01-30 01:51:00+00:00,2457417.57708333,207.9
554,2016-01-30 01:52:00+00:00,2457417.57777778,212.75
555,2016-01-30 01:53:00+00:00,2457417.57847222,205.75
556,2016-01-30 01:54:00+00:00,2457417.57916667,203.2
557,2016-01-30 01:55:00+00:00,2457417.57986111,209.75
558,2016-01-30 01:56:00+00:00,2457417.58055556,209.2
559,2016-01-30 01:57:00+00:00,2457417.58125,206.48
560,2016-01-30 01:58:00+00:00,2457417.58194445,204.37
561,2016-01-30 01:59:00+00:00,2457417.58263889,203.8
562,2016-01-30 02:00:00+00:00,2457417.58333333,206.25
563,2016-01-30 02:01:00+00:00,2457417.58402778,204.25
564,2016-01-30 02:02:00+00:00,2457417.58472222,206.88
565,2016-01-30 02:03:00+00:00,2457417.58541667,210.02
566,2016-01-30 02:04:00+00:00,2457417.58611111,206.6
567,2016-01-30 02:05:00+00:00,2457417.58680556,205.45
568,2016-01-30 02:06:00+00:00,2457417.5875,207.9
569,2016-01-30 02:07:00+00:00,2457417.58819444,206.73
570,2016-01-30 02:08:00+00:00,2457417.58888889,201.0
571,2016-01-30 02:09:00+00:00,2457417.58958333,204.43
572,2016-01-30 02:10:00+00:00,2457417.59027778,200.85
573,2016-01-30 02:11:00+00:00,2457417.59097222,204.0
574,2016-01-30 02:12:00+00:00,2457417.59166667,204.05
575,2016-01-30 02:13:00+00:00,2457417.59236111,204.15
576,2016-01-30 02:14:00+00:00,2457417.59305556,205.97
577,2016-01-30 02:15:00+00:00,2457417.59375,206.83
578,2016-01-30 02:16:00+00:00,2457417.59444444,206.13
579,2016-01-30 02:17:00+00:00,2457417.59513889,205.93
580,2016-01-30 02:18:00+00:00,2457417.59583333,202.42
581,2016-01-30 02:19:00+00:00,2457417.59652778,205.35
582,2016-01-30 02:20:00+00:00,2457417.59722222,203.97
583,2016-01-30 02:21:00+00:00,2457417.59791667,205.78
584,2016-01-30 02:22:00+00:00,2457417.59861111,200.12
585,2016-01-30 02:23:00+00:00,2457417.59930556,213.02
586,2016-01-30 02:24:00+00:00,2457417.6,205.66
587,2016-01-30 02:25:00+00:00,2457417.60069444,202.02
588,2016-01-30 02:26:00+00:00,2457417.60138889,207.22
589,2016-01-30 02:27:00+00:00,2457417.60208333,202.53
590,2016-01-30 02:28:00+00:00,2457417.60277778,205.02
591,2016-01-30 02:29:00+00:00,2457417.60347222,203.62
592,2016-01-30 02:30:00+00:00,2457417.60416667,201.73
593,2016-01-30 02:31:00+00:00,2457417.60486111,200.9
594,2016-01-30 02:32:00+00:00,2457417.60555556,207.73
595,2016-01-30 02:33:00+00:00,2457417.60625,201.93
596,2016-01-30 02:34:00+00:00,2457417.60694445,198.53
597,2016-01-30 02:35:00+00:00,2457417.60763889,204.5
598,2016-01-30 02:36:00+00:00,2457417.60833333,199.82
599,2016-01-30 02:37:00+00:00,2457417.60902778,207.07
600,2016-01-30 02:38:00+00:00,2457417.60972222,199.83
601,2016-01-30 02:39:00+00:00,2457417.61041667,194.32
602,2016-01-30 02:40:00+00:00,2457417.61111111,199.07
603,2016-01-30 02:41:00+00:00,2457417.61180556,205.55
604,2016-01-30 02:42:00+00:00,2457417.6125,199.45
605,2016-01-30 02:43:00+00:00,2457417.61319445,200.82
606,2016-01-30 02:44:00+00:00,2457417.61388889,203.9
607,2016-01-30 02:45:00+00:00,2457417.61458333,201.77
608,2016-01-30 02:46:00+00:00,2457417.61527778,198.02
609,2016-01-30 02:47:00+00:00,2457417.61597222,198.28
610,2016-01-30 02:48:00+00:00,2457417.61666667,197.65
611,2016-01-30 02:49:00+00:00,2457417.61736111,201.85
612,2016-01-30 02:50:00+00:00,2457417.61805556,205.77
613,2016-01-30 02:51:00+00:00,2457417.61875,203.3
614,2016-01-30 02:52:00+00:00,2457417.61944444,202.62
615,2016-01-30 02:53:00+00:00,2457417.62013889,195.48
616,2016-01-30 02:54:00+00:00,2457417.62083333,209.03
617,2016-01-30 02:55:00+00:00,2457417.62152778,203.7
618,2016-01-30 02:56:00+00:00,2457417.62222222,205.05
619,2016-01-30 02:57:00+00:00,2457417.62291667,205.6
620,2016-01-30 02:58:00+00:00,2457417.62361111,210.83
621,2016-01-30 02:59:00+00:00,2457417.62430556,204.7
622,2016-01-30 03:00:00+00:00,2457417.625,204.75
623,2016-01-30 03:01:00+00:00,2457417.62569444,206.67
624,2016-01-30 03:02:00+00:00,2457417.62638889,205.88
625,2016-01-30 03:03:00+00:00,2457417.62708333,208.68
626,2016-01-30 03:04:00+00:00,2457417.62777778,210.57
627,2016-01-30 03:05:00+00:00,2457417.62847222,207.32
628,2016-01-30 03:06:00+00:00,2457417.62916667,206.7
629,2016-01-30 03:07:00+00:00,2457417.62986111,206.27
630,2016-01-30 03:08:00+00:00,2457417.63055556,208.47
631,2016-01-30 03:09:00+00:00,2457417.63125,206.38
632,2016-01-30 03:10:00+00:00,2457417.63194444,202.83
633,2016-01-30 03:11:00+00:00,2457417.63263889,210.4
634,2016-01-30 03:12:00+00:00,2457417.63333333,205.03
635,2016-01-30 03:13:00+00:00,2457417.63402778,201.12
636,2016-01-30 03:14:00+00:00,2457417.63472222,205.97
637,2016-01-30 03:15:00+00:00,2457417.63541667,204.32
638,2016-01-30 03:16:00+00:00,2457417.63611111,204.55
639,2016-01-30 03:17:00+00:00,2457417.63680556,204.42
640,2016-01-30 03:18:00+00:00,2457417.6375,204.38
641,2016-01-30 03:19:00+00:00,2457417.63819445,206.27
642,2016-01-30 03:20:00+00:00,2457417.63888889,205.1
643,2016-01-30 03:21:00+00:00,2457417.63958333,198.58
644,2016-01-30 03:22:00+00:00,2457417.64027778,206.5
645,2016-01-30 03:23:00+00:00,2457417.64097222,201.65
646,2016-01-30 03:24:00+00:00,2457417.64166667,204.63
647,2016-01-30 03:25:00+00:00,2457417.64236111,204.27
648,2016-01-30 03:26:00+00:00,2457417.64305556,201.47
649,2016-01-30 03:27:00+00:00,2457417.64375,208.18
650,2016-01-30 03:28:00+00:00,2457417.64444445,201.18
651,2016-01-30 03:29:00+00:00,2457417.64513889,201.7
652,2016-01-30 03:30:00+00:00,2457417.64583333,201.18
653,2016-01-30 03:31:00+00:00,2457417.64652778,203.35
654,2016-01-30 03:32:00+00:00,2457417.64722222,208.13
655,2016-01-30 03:33:00+00:00,2457417.64791667,202.55
656,2016-01-30 03:34:00+00:00,2457417.64861111,199.25
657,2016-01-30 03:35:00+00:00,2457417.64930556,203.37
658,2016-01-30 03:36:00+00:00,2457417.65,203.4
659,2016-01-30 03:37:00+00:00,2457417.65069444,206.97
660,2016-01-30 03:38:00+00:00,2457417.65138889,207.6
661,2016-01-30 03:39:00+00:00,2457417.65208333,201.02
662,2016-01-30 03:40:00+00:00,2457417.65277778,209.55
663,2016-01-30 03:41:00+00:00,2457417.65347222,206.72
664,2016-01-30 03:42:00+00:00,2457417.65416667,204.32
665,2016-01-30 03:43:00+00:00,2457417.65486111,203.48
666,2016-01-30 03:44:00+00:00,2457417.65555556,207.62
667,2016-01-30 03:45:00+00:00,2457417.65625,205.6
668,2016-01-30 03:46:00+00:00,2457417.65694444,203.63
669,2016-01-30 03:47:00+00:00,2457417.65763889,213.83
670,2016-01-30 03:48:00+00:00,2457417.65833333,203.95
671,2016-01-30 03:49:00+00:00,2457417.65902778,209.3
672,2016-01-30 03:50:00+00:00,2457417.65972222,206.83
673,2016-01-30 03:51:00+00:00,2457417.66041667,209.42
674,2016-01-30 03:52:00+00:00,2457417.66111111,204.63
675,2016-01-30 03:53:00+00:00,2457417.66180556,205.57
676,2016-01-30 03:54:00+00:00,2457417.6625,203.85
677,2016-01-30 03:55:00+00:00,2457417.66319444,206.3
678,2016-01-30 03:56:00+00:00,2457417.66388889,207.88
679,2016-01-30 03:57:00+00:00,2457417.66458333,207.47
680,2016-01-30 03:58:00+00:00,2457417.66527778,203.48
681,2016-01-30 03:59:00+00:00,2457417.66597222,205.35
682,2016-01-30 04:00:00+00:00,2457417.66666667,206.47
683,2016-01-30 04:01:00+00:00,2457417.66736111,206.0
684,2016-01-30 04:02:00+00:00,2457417.66805556,202.5
685,2016-01-30 04:03:00+00:00,2457417.66875,199.93
686,2016-01-30 04:04:00+00:00,2457417.66944445,200.85
687,2016-01-30 04:05:00+00:00,2457417.67013889,205.42
688,2016-01-30 04:06:00+00:00,2457417.67083333,203.75
689,2016-01-30 04:07:00+00:00,2457417.67152778,203.58
690,2016-01-30 04:08:00+00:00,2457417.67222222,199.57
691,2016-01-30 04:09:00+00:00,2457417.67291667,210.33
692,2016-01-30 04:10:00+00:00,2457417.67361111,207.45
693,2016-01-30 04:11:00+00:00,2457417.67430556,208.2
694,2016-01-30 04:12:00+00:00,2457417.675,209.38
695,2016-01-30 04:13:00+00:00,2457417.67569445,205.12
696,2016-01-30 04:14:00+00:00,2457417.67638889,206.55
697,2016-01-30 04:15:00+00:00,2457417.67708333,204.48
698,2016-01-30 04:16:00+00:00,2457417.67777778,207.17
699,2016-01-30 04:17:00+00:00,2457417.67847222,208.63
700,2016-01-30 04:18:00+00:00,2457417.67916667,207.7
701,2016-01-30 04:19:00+00:00,2457417.67986111,207.72
702,2016-01-30 04:20:00+00:00,2457417.68055556,210.93
703,2016-01-30 04:21:00+00:00,2457417.68125,210.47
704,2016-01-30 04:22:00+00:00,2457417.68194444,209.88
705,2016-01-30 04:23:00+00:00,2457417.68263889,206.33
706,2016-01-30 04:24:00+00:00,2457417.68333333,206.82
707,2016-01-30 04:25:00+00:00,2457417.68402778,213.32
708,2016-01-30 04:26:00+00:00,2457417.68472222,210.27
709,2016-01-30 04:27:00+00:00,2457417.68541667,220.08
710,2016-01-30 04:28:00+00:00,2457417.68611111,212.6
711,2016-01-30 04:29:00+00:00,2457417.68680556,208.1
712,2016-01-30 04:30:00+00:00,2457417.6875,211.77
713,2016-01-30 04:31:00+00:00,2457417.68819444,213.92
714,2016-01-30 04:32:00+00:00,2457417.68888889,208.1
715,2016-01-30 04:33:00+00:00,2457417.68958333,213.18
716,2016-01-30 04:34:00+00:00,2457417.69027778,211.17
717,2016-01-30 04:35:00+00:00,2457417.69097222,215.37
718,2016-01-30 04:36:00+00:00,2457417.69166667,211.58
719,2016-01-30 04:37:00+00:00,2457417.69236111,212.9
720,2016-01-30 04:38:00+00:00,2457417.69305556,210.75
721,2016-01-30 04:39:00+00:00,2457417.69375,209.35
722,2016-01-30 04:40:00+00:00,2457417.69444444,215.13
723,2016-01-30 04:41:00+00:00,2457417.69513889,209.88
724,2016-01-30 04:42:00+00:00,2457417.69583333,206.9
725,2016-01-30 04:43:00+00:00,2457417.69652778,214.9
726,2016-01-30 04:44:00+00:00,2457417.69722222,215.0
727,2016-01-30 04:45:00+00:00,2457417.69791667,214.73
728,2016-01-30 04:46:00+00:00,2457417.69861111,211.83
729,2016-01-30 04:47:00+00:00,2457417.69930556,210.6
730,2016-01-30 04:48:00+00:00,2457417.7,215.23
731,2016-01-30 04:49:00+00:00,2457417.70069445,210.57
732,2016-01-30 04:50:00+00:00,2457417.70138889,206.63
733,2016-01-30 04:51:00+00:00,2457417.70208333,217.53
734,2016-01-30 04:52:00+00:00,2457417.70277778,214.45
735,2016-01-30 04:53:00+00:00,2457417.70347222,209.57
736,2016-01-30 04:54:00+00:00,2457417.70416667,213.65
737,2016-01-30 04:55:00+00:00,2457417.70486111,210.23
738,2016-01-30 04:56:00+00:00,2457417.70555556,214.28
739,2016-01-30 04:57:00+00:00,2457417.70625,213.98
740,2016-01-30 04:58:00+00:00,2457417.70694445,217.12
741,2016-01-30 04:59:00+00:00,2457417.70763889,211.7
742,2016-01-30 05:00:00+00:00,2457417.70833333,211.63
743,2016-01-30 05:01:00+00:00,2457417.70902778,207.45
744,2016-01-30 05:02:00+00:00,2457417.70972222,206.78
745,2016-01-30 05:03:00+00:00,2457417.71041667,215.03
746,2016-01-30 05:04:00+00:00,2457417.71111111,213.32
747,2016-01-30 05:05:00+00:00,2457417.71180556,208.85
748,2016-01-30 05:06:00+00:00,2457417.7125,206.0
749,2016-01-30 05:07:00+00:00,2457417.71319444,215.08
750,2016-01-30 05:08:00+00:00,2457417.71388889,212.57
751,2016-01-30 05:09:00+00:00,2457417.71458333,207.98
752,2016-01-30 05:10:00+00:00,2457417.71527778,210.45
753,2016-01-30 05:11:00+00:00,2457417.71597222,206.47
754,2016-01-30 05:12:00+00:00,2457417.71666667,203.63
755,2016-01-30 05:13:00+00:00,2457417.71736111,211.9
756,2016-01-30 05:14:00+00:00,2457417.71805556,209.27
757,2016-01-30 05:15:00+00:00,2457417.71875,214.25
758,2016-01-30 05:16:00+00:00,2457417.71944444,209.27
759,2016-01-30 05:17:00+00:00,2457417.72013889,205.67
760,2016-01-30 05:18:00+00:00,2457417.72083333,208.37
761,2016-01-30 05:19:00+00:00,2457417.72152778,205.37
762,2016-01-30 05:20:00+00:00,2457417.72222222,211.42
763,2016-01-30 05:21:00+00:00,2457417.72291667,206.52
764,2016-01-30 05:22:00+00:00,2457417.72361111,207.83
765,2016-01-30 05:23:00+00:00,2457417.72430556,211.67
766,2016-01-30 05:24:00+00:00,2457417.725,209.47
767,2016-01-30 05:25:00+00:00,2457417.72569444,206.12
768,2016-01-30 05:26:00+00:00,2457417.72638889,213.67
769,2016-01-30 05:27:00+00:00,2457417.72708333,210.73
770,2016-01-30 05:28:00+00:00,2457417.72777778,211.3
771,2016-01-30 05:29:00+00:00,2457417.72847222,208.7
